Unnamed: 0,email,hash
0.0,ezi@hahu.gs,
1.0,dojic@rawrap.ky,
2.0,gikpuhuv@fijpuca.fo,
3.0,seti@cudciwvi.hk,
4.0,zipig@lawbog.rw,
5.0,sus@tuw.is,
6.0,op@basogawi.cd,
7.0,efewiama@vinzah.org,
8.0,ige@gawloh.ca,
9.0,efausaza@ra.uk,
10.0,kokjucgef@nagbesdas.de,
11.0,eji@niuf.gt,
12.0,redonge@fek.lb,
13.0,avu@awaloto.bg,
14.0,lep@leke.fo,
15.0,tum@ugkabba.be,
16.0,zaj@oz.gy,
17.0,lo@du.cd,
18.0,kebsepu@lavfuda.tl,
19.0,sil@dewova.mh,
20.0,fop@ku.sa,
21.0,mub@wum.sz,
22.0,wache@jehpek.cn,
23.0,nur@desaar.nl,
24.0,wubgimjun@bowuj.pt,
25.0,tibewlok@vawidu.ps,
26.0,ubje@sojheil.at,
27.0,lejju@osibe.mn,
28.0,cehka@jer.org,
29.0,tuz@sebhe.org,
30.0,okmoj@sanzu.ao,
31.0,go@mugjir.iq,
32.0,reretemef@hegug.aq,
33.0,sigieba@no.rs,
34.0,merwah@zenmuta.ba,
35.0,ri@pu.fr,
36.0,rev@porhukfo.ir,
37.0,golig@eraeviho.ru,
38.0,wo@ma.jm,
39.0,zehhinnu@ivifamo.za,
40.0,fak@hip.lu,
41.0,rok@hejsehfan.fj,
42.0,goan@gi.ug,
43.0,rakzal@firoceag.vu,
44.0,mil@wasob.pr,
45.0,gemwebma@mejfotbi.ci,
46.0,nuwupufe@gi.cd,
47.0,oba@se.tt,
48.0,piga@ogdino.my,
49.0,ti@hewuj.ng,
50.0,obiku@ubbinmo.mg,
51.0,apapi@pavov.hk,
52.0,bozueni@awuhi.sn,
53.0,ne@wogu.sb,
54.0,ja@ridu.lb,
55.0,sot@op.ss,
56.0,ulco@lejieg.ir,
57.0,li@so.et,
58.0,wu@gubeva.co,
59.0,eszidsu@ot.sn,
60.0,kutawrim@fi.gd,
61.0,urusa@gaz.mq,
62.0,jozu@jo.net,
63.0,cevig@wo.sh,
64.0,komgikel@lo.mn,
65.0,ceoburi@jer.pn,
66.0,rikune@caw.ng,
67.0,nifob@pehubniz.li,
68.0,mi@hujavti.cd,
69.0,galha@cimwe.bv,
70.0,pid@ivepir.gov,
71.0,guittum@badrev.gu,
72.0,co@onaak.ca,
73.0,bahe@vicpol.gu,
74.0,hig@ropo.wf,
75.0,vud@siwudceb.mw,
76.0,iwugo@doc.hk,
77.0,ul@zavut.ni,
78.0,neco@jochot.cu,
79.0,hoc@koru.na,
80.0,hotza@tosureb.mr,
81.0,ehwe@akahug.mg,
82.0,up@ore.si,
83.0,nomol@luwihu.pk,
84.0,suohwat@gefimga.cu,
85.0,cur@sarincam.my,
86.0,kepid@elciz.mh,
87.0,nuspojir@gebejiw.ss,
88.0,le@ketaok.rs,
89.0,zuh@ku.yt,
90.0,pevharpet@cozag.pg,
91.0,nijug@nil.ge,
92.0,se@sooreama.mv,
93.0,zarhu@fugviksu.tz,
94.0,heovpik@ke.bh,
95.0,pofjuv@mesuz.ne,
96.0,tatocat@norfewsaj.ps,
97.0,cetih@eto.ru,
98.0,uf@ewanupe.ee,
99.0,ad@to.cg,
100.0,,6d1a5d9cdef1877c798daa463b8abb60fe085737
101.0,,8122675d406932edf77efdbcc9a0ea79246c0ad1
102.0,,892aac8979d9f3ade2c49c6cd079c36fa98fc744
103.0,,51cd1bd9705a4131be86ebba1378f72f1bbeab88
104.0,,397d40362c13a7f495ec0a97477c626296db1b82
105.0,,ad925fa37dc412c4ed3a57dfc0394b47ae656f5a
106.0,,97a41462ebc2ea7b9286e5a4a0fc7e396e38a4aa
107.0,,1168087fdc1e667dd3db7ab8a4a8ed96af43045e
108.0,,88d640899e5a8fbc637eb486e28bceb5953ce629
109.0,,bc4cf80a8ee62291bb852d1fd840ddf9ca2db303
110.0,,9345fd97c7c746dc4c155da78dca73fc06392343
111.0,,8ee920da54af1ed789626ce22d6648f16f41eca5
112.0,,5e2e0b511a27f863bad19327f443f5b373f71c99
113.0,,8d3895f6a62a220f71277ac79ec135125d6eb61a
114.0,,d7289cffc48185e685c43045fec178ecad4792c4
115.0,,3819a3daec2eaa297f3eda878565fdd1e5b86a22
116.0,,e6d07fbec6a49915c7aa326db14e3b6b48506724
117.0,,ba26d6b422dee993415373dd1e8dca47d3561083
118.0,,163c81d6ff828e60d6898c01f034a4dec2045e59
119.0,,210278e16807a28258aa7fed621ad66b7477918e
120.0,,6e38075dd6b4e71113b1ef35025db14dc78f93fe
121.0,,fa7e6068b8880955e5cc00e36b01b2f52f464da8
122.0,,a1c57cfdff4c615d957b91026ee91f955e037cc8
123.0,,9d56067c0d73dc4020605dfef2291dfd2a515328
124.0,,1a7fbf0d730ac76ead6f7b6aaa1e8fc0fee86a83
125.0,,bee345fd807384bdccc01d36efcca68e63b5ac46
126.0,,26b674cbac28c8c3af6e151aa98451afe3e576a6
127.0,,b61d35e5f53af235db470852e13829fdb51ed72b
128.0,,b52ff627114b6ae0df7c06cfad2f6a7c37932bb3
129.0,,1c011ecc2f4f830da937412b63bd749062b89a4c
130.0,,63d6688aa3453071d95811db1f505d64fc2d59e0
131.0,,a68e5f65dbe14dac8e8133bf536d24fcd35cbec1
132.0,,df49d309116ed87cb9d0d7707de29725f13e7d97
133.0,,191f92ea3ff64fc9776677476e80bceaf85ade4b
134.0,,16666a18f577959a5ab2642ee3515ad06faaaa7b
135.0,,2bafeb384f6fbbf105d207c371338e16e71b26d2
136.0,,09ff072030d386e8614f24a08ee90ec08520913e
137.0,,c1766e54f6cad68b3ca9a20ba9c44ef360637f6a
138.0,,5ca8c7407514bcbeea934096954d6b556fea8ecf
139.0,,bc373e2104919a27f279189be21d669f167a4e9f
140.0,,73d8d7b6dbc524430fc1aa59b89bf80254c42fc7
141.0,,64e23b9a91ae244d294d56ab4f3240615da2b29c
142.0,,c9f641b09e1aabb0ca3403af7c1795c17d9ed3e1
143.0,,c43991cd06c2beae492f445304312df57371c53a
144.0,,877472eb5ebde61eae71959d1b11c96f2c1bded9
145.0,,772df13311e390478b4fb50747c72a3a1bc80628
146.0,,3393669ae8eeb197d493f0c369fdde396d37c09e
147.0,,b9feeb53ba73c62043311c9e4ee1f0ae3ef1bc26
148.0,,db0fb8e203657473e38ebd753fee9fc8ad8507f2
149.0,,8e59a56e1b9cd63b82f05aac86592c816d50687f
150.0,,8ebb09de97453ec0cd1e6ebc854c050e0433c7b5
151.0,,a85d8b1df3645ce9937cb73b98c387616624e220
152.0,,3a7aadea5a9051084699400f095a40fd5011193a
153.0,,376f929f3c2b7f506d0fb5cefe5c65e44161d4ea
154.0,,894b4bd659da4e6ab4feeb92e6ccd8df70d79566
155.0,,bcb271a558ef8c467098210e8508190d199fe41d
156.0,,7c9d915de385f3d2730a9aed89bcd4c4faebdd7f
157.0,,71eb79b7efcb8eda1e83589ca8b19fd49507da5d
158.0,,d5ab0827e014c62a3c29c7eaa444b2e875fc6fe7
159.0,,be971f413c246ea44895014273a546f599f34eaa
160.0,,c7171d4b1770bf11295a58a6305bbd712045d3a4
161.0,,92ce4e3025f67865c50641e5b190ca393549d539
162.0,,1d0b8c2dc1541dd41b62d1a67b44162d01b958dc
163.0,,9bccb1afbb4dbcca946f6f8ea1fee8f282825af1
164.0,,9145fb44e0bead5dea523dec695f4d28c87824eb
165.0,,e2d2346e5c9aa227d902513c7b1004040ce91de7
166.0,,2bb5d7f915b021bd6ba321d7d5b1211e16d10df5
167.0,,f1488b01859ebb4156233f6fd21f1653f1ea046c
168.0,,194ad7cd504e7d47087eed5be0e69f08c3265193
169.0,,0ca1572034be09775a8822363fbff671e0102f2b
170.0,,8f3286a293f1e68db05cf13a0f6577c87ae8de66
171.0,,1f45ea9df3767af8bddbd17938fa4f3d62f58c5d
172.0,,1d2e7ae04911aa0d540b00b309176cdb7edc0323
173.0,,5817077742cccb85073be002395cd83fdabdbd89
174.0,,09272a0110459a5d909d0e7499b1c11989f264b5
175.0,,e46a5590ff264c3c7fb8c358b7b5fa7c3c04f300
176.0,,9ac6471884db828412c829ca036ba6c04889f6b8
177.0,,0dd794232e58da9b755e3387bcfc32004a87c31a
178.0,,9ff7db1a5b508d94ddf374d3e7b71a5f68e3c6bb
179.0,,1d890264e0bab638c8bd7c15f54f9fd0474ee080
180.0,,65d6735ed408983cfd529657bb988e61e7d7013b
181.0,,ecc6a96860dbd961f79fc59e3337c6b499454d34
182.0,,a08f613652bf51d132977353e099e982989ee935
183.0,,79fe6c6196bdbf636c77bf45be15b6449ef873b8
184.0,,3d6c13159b952c586e75e549b71fbe9445f6d62e
185.0,,866fce537e660a330f0e9ae554beeb9f92b333b7
186.0,,042c69f68e6c0d5e794695c11efd7e5b9a5e1a97
187.0,,ab4ef09c2910ef60fa413227dcd1d7024baa788e
188.0,,93710c5e897952d4b8bf598c58a59b76296f368a
189.0,,63d467ac9b1e2780cfb0e770fbf4e43f2f39df9b
190.0,,64a5e67ad2fd95e20ba3c1faeadb329cdcc986a2
191.0,,eb109edb0254a3b81fe3042870bd8fcadc77df34
192.0,,27f7d68ef4430a16a67c18343babc9e401e97ba7
193.0,,4dfff7c7e49063f2e82dd8ca4e979df4b3872bf0
194.0,,1183fa58e6e6a7c8756609653eed1fbcdd08d7eb
195.0,,535fef6f0616ab56fc6591b01fcff62273aacaaf
196.0,,633862735bedcb64bc52f0295b81e6cef4637cf0
197.0,,31f1b0c2a0cb7e1d845bd3f68c5d33d8df890ef1
198.0,,88ed97e5a3fec50920f945b2cb9e6a3f312cde3b
199.0,,5d10d49ffe0fe75e27ff354496efb0655a92c355
0.0,ezi@hahu.gs,
1.0,dojic@rawrap.ky,
2.0,gikpuhuv@fijpuca.fo,
3.0,seti@cudciwvi.hk,
4.0,zipig@lawbog.rw,
5.0,sus@tuw.is,
6.0,op@basogawi.cd,
7.0,efewiama@vinzah.org,
8.0,ige@gawloh.ca,
9.0,efausaza@ra.uk,
10.0,kokjucgef@nagbesdas.de,
11.0,eji@niuf.gt,
12.0,redonge@fek.lb,
13.0,avu@awaloto.bg,
14.0,lep@leke.fo,
15.0,tum@ugkabba.be,
16.0,zaj@oz.gy,
17.0,lo@du.cd,
18.0,kebsepu@lavfuda.tl,
19.0,sil@dewova.mh,
20.0,fop@ku.sa,
21.0,mub@wum.sz,
22.0,wache@jehpek.cn,
23.0,nur@desaar.nl,
24.0,wubgimjun@bowuj.pt,
25.0,tibewlok@vawidu.ps,
26.0,ubje@sojheil.at,
27.0,lejju@osibe.mn,
28.0,cehka@jer.org,
29.0,tuz@sebhe.org,
30.0,okmoj@sanzu.ao,
31.0,go@mugjir.iq,
32.0,reretemef@hegug.aq,
33.0,sigieba@no.rs,
34.0,merwah@zenmuta.ba,
35.0,ri@pu.fr,
36.0,rev@porhukfo.ir,
37.0,golig@eraeviho.ru,
38.0,wo@ma.jm,
39.0,zehhinnu@ivifamo.za,
40.0,fak@hip.lu,
41.0,rok@hejsehfan.fj,
42.0,goan@gi.ug,
43.0,rakzal@firoceag.vu,
44.0,mil@wasob.pr,
45.0,gemwebma@mejfotbi.ci,
46.0,nuwupufe@gi.cd,
47.0,oba@se.tt,
48.0,piga@ogdino.my,
49.0,ti@hewuj.ng,
50.0,obiku@ubbinmo.mg,
51.0,apapi@pavov.hk,
52.0,bozueni@awuhi.sn,
53.0,ne@wogu.sb,
54.0,ja@ridu.lb,
55.0,sot@op.ss,
56.0,ulco@lejieg.ir,
57.0,li@so.et,
58.0,wu@gubeva.co,
59.0,eszidsu@ot.sn,
60.0,kutawrim@fi.gd,
61.0,urusa@gaz.mq,
62.0,jozu@jo.net,
63.0,cevig@wo.sh,
64.0,komgikel@lo.mn,
65.0,ceoburi@jer.pn,
66.0,rikune@caw.ng,
67.0,nifob@pehubniz.li,
68.0,mi@hujavti.cd,
69.0,galha@cimwe.bv,
70.0,pid@ivepir.gov,
71.0,guittum@badrev.gu,
72.0,co@onaak.ca,
73.0,bahe@vicpol.gu,
74.0,hig@ropo.wf,
75.0,vud@siwudceb.mw,
76.0,iwugo@doc.hk,
77.0,ul@zavut.ni,
78.0,neco@jochot.cu,
79.0,hoc@koru.na,
80.0,hotza@tosureb.mr,
81.0,ehwe@akahug.mg,
82.0,up@ore.si,
83.0,nomol@luwihu.pk,
84.0,suohwat@gefimga.cu,
85.0,cur@sarincam.my,
86.0,kepid@elciz.mh,
87.0,nuspojir@gebejiw.ss,
88.0,le@ketaok.rs,
89.0,zuh@ku.yt,
90.0,pevharpet@cozag.pg,
91.0,nijug@nil.ge,
92.0,se@sooreama.mv,
93.0,zarhu@fugviksu.tz,
94.0,heovpik@ke.bh,
95.0,pofjuv@mesuz.ne,
96.0,tatocat@norfewsaj.ps,
97.0,cetih@eto.ru,
98.0,uf@ewanupe.ee,
99.0,ad@to.cg,
0.0,,6d1a5d9cdef1877c798daa463b8abb60fe085737
1.0,,8122675d406932edf77efdbcc9a0ea79246c0ad1
2.0,,892aac8979d9f3ade2c49c6cd079c36fa98fc744
3.0,,51cd1bd9705a4131be86ebba1378f72f1bbeab88
4.0,,397d40362c13a7f495ec0a97477c626296db1b82
5.0,,ad925fa37dc412c4ed3a57dfc0394b47ae656f5a
6.0,,97a41462ebc2ea7b9286e5a4a0fc7e396e38a4aa
7.0,,1168087fdc1e667dd3db7ab8a4a8ed96af43045e
8.0,,88d640899e5a8fbc637eb486e28bceb5953ce629
9.0,,bc4cf80a8ee62291bb852d1fd840ddf9ca2db303
10.0,,9345fd97c7c746dc4c155da78dca73fc06392343
11.0,,8ee920da54af1ed789626ce22d6648f16f41eca5
12.0,,5e2e0b511a27f863bad19327f443f5b373f71c99
13.0,,8d3895f6a62a220f71277ac79ec135125d6eb61a
14.0,,d7289cffc48185e685c43045fec178ecad4792c4
15.0,,3819a3daec2eaa297f3eda878565fdd1e5b86a22
16.0,,e6d07fbec6a49915c7aa326db14e3b6b48506724
17.0,,ba26d6b422dee993415373dd1e8dca47d3561083
18.0,,163c81d6ff828e60d6898c01f034a4dec2045e59
19.0,,210278e16807a28258aa7fed621ad66b7477918e
20.0,,6e38075dd6b4e71113b1ef35025db14dc78f93fe
21.0,,fa7e6068b8880955e5cc00e36b01b2f52f464da8
22.0,,a1c57cfdff4c615d957b91026ee91f955e037cc8
23.0,,9d56067c0d73dc4020605dfef2291dfd2a515328
24.0,,1a7fbf0d730ac76ead6f7b6aaa1e8fc0fee86a83
25.0,,bee345fd807384bdccc01d36efcca68e63b5ac46
26.0,,26b674cbac28c8c3af6e151aa98451afe3e576a6
27.0,,b61d35e5f53af235db470852e13829fdb51ed72b
28.0,,b52ff627114b6ae0df7c06cfad2f6a7c37932bb3
29.0,,1c011ecc2f4f830da937412b63bd749062b89a4c
30.0,,63d6688aa3453071d95811db1f505d64fc2d59e0
31.0,,a68e5f65dbe14dac8e8133bf536d24fcd35cbec1
32.0,,df49d309116ed87cb9d0d7707de29725f13e7d97
33.0,,191f92ea3ff64fc9776677476e80bceaf85ade4b
34.0,,16666a18f577959a5ab2642ee3515ad06faaaa7b
35.0,,2bafeb384f6fbbf105d207c371338e16e71b26d2
36.0,,09ff072030d386e8614f24a08ee90ec08520913e
37.0,,c1766e54f6cad68b3ca9a20ba9c44ef360637f6a
38.0,,5ca8c7407514bcbeea934096954d6b556fea8ecf
39.0,,bc373e2104919a27f279189be21d669f167a4e9f
40.0,,73d8d7b6dbc524430fc1aa59b89bf80254c42fc7
41.0,,64e23b9a91ae244d294d56ab4f3240615da2b29c
42.0,,c9f641b09e1aabb0ca3403af7c1795c17d9ed3e1
43.0,,c43991cd06c2beae492f445304312df57371c53a
44.0,,877472eb5ebde61eae71959d1b11c96f2c1bded9
45.0,,772df13311e390478b4fb50747c72a3a1bc80628
46.0,,3393669ae8eeb197d493f0c369fdde396d37c09e
47.0,,b9feeb53ba73c62043311c9e4ee1f0ae3ef1bc26
48.0,,db0fb8e203657473e38ebd753fee9fc8ad8507f2
49.0,,8e59a56e1b9cd63b82f05aac86592c816d50687f
50.0,,8ebb09de97453ec0cd1e6ebc854c050e0433c7b5
51.0,,a85d8b1df3645ce9937cb73b98c387616624e220
52.0,,3a7aadea5a9051084699400f095a40fd5011193a
53.0,,376f929f3c2b7f506d0fb5cefe5c65e44161d4ea
54.0,,894b4bd659da4e6ab4feeb92e6ccd8df70d79566
55.0,,bcb271a558ef8c467098210e8508190d199fe41d
56.0,,7c9d915de385f3d2730a9aed89bcd4c4faebdd7f
57.0,,71eb79b7efcb8eda1e83589ca8b19fd49507da5d
58.0,,d5ab0827e014c62a3c29c7eaa444b2e875fc6fe7
59.0,,be971f413c246ea44895014273a546f599f34eaa
60.0,,c7171d4b1770bf11295a58a6305bbd712045d3a4
61.0,,92ce4e3025f67865c50641e5b190ca393549d539
62.0,,1d0b8c2dc1541dd41b62d1a67b44162d01b958dc
63.0,,9bccb1afbb4dbcca946f6f8ea1fee8f282825af1
64.0,,9145fb44e0bead5dea523dec695f4d28c87824eb
65.0,,e2d2346e5c9aa227d902513c7b1004040ce91de7
66.0,,2bb5d7f915b021bd6ba321d7d5b1211e16d10df5
67.0,,f1488b01859ebb4156233f6fd21f1653f1ea046c
68.0,,194ad7cd504e7d47087eed5be0e69f08c3265193
69.0,,0ca1572034be09775a8822363fbff671e0102f2b
70.0,,8f3286a293f1e68db05cf13a0f6577c87ae8de66
71.0,,1f45ea9df3767af8bddbd17938fa4f3d62f58c5d
72.0,,1d2e7ae04911aa0d540b00b309176cdb7edc0323
73.0,,5817077742cccb85073be002395cd83fdabdbd89
74.0,,09272a0110459a5d909d0e7499b1c11989f264b5
75.0,,e46a5590ff264c3c7fb8c358b7b5fa7c3c04f300
76.0,,9ac6471884db828412c829ca036ba6c04889f6b8
77.0,,0dd794232e58da9b755e3387bcfc32004a87c31a
78.0,,9ff7db1a5b508d94ddf374d3e7b71a5f68e3c6bb
79.0,,1d890264e0bab638c8bd7c15f54f9fd0474ee080
80.0,,65d6735ed408983cfd529657bb988e61e7d7013b
81.0,,ecc6a96860dbd961f79fc59e3337c6b499454d34
82.0,,a08f613652bf51d132977353e099e982989ee935
83.0,,79fe6c6196bdbf636c77bf45be15b6449ef873b8
84.0,,3d6c13159b952c586e75e549b71fbe9445f6d62e
85.0,,866fce537e660a330f0e9ae554beeb9f92b333b7
86.0,,042c69f68e6c0d5e794695c11efd7e5b9a5e1a97
87.0,,ab4ef09c2910ef60fa413227dcd1d7024baa788e
88.0,,93710c5e897952d4b8bf598c58a59b76296f368a
89.0,,63d467ac9b1e2780cfb0e770fbf4e43f2f39df9b
90.0,,64a5e67ad2fd95e20ba3c1faeadb329cdcc986a2
91.0,,eb109edb0254a3b81fe3042870bd8fcadc77df34
92.0,,27f7d68ef4430a16a67c18343babc9e401e97ba7
93.0,,4dfff7c7e49063f2e82dd8ca4e979df4b3872bf0
94.0,,1183fa58e6e6a7c8756609653eed1fbcdd08d7eb
95.0,,535fef6f0616ab56fc6591b01fcff62273aacaaf
96.0,,633862735bedcb64bc52f0295b81e6cef4637cf0
97.0,,31f1b0c2a0cb7e1d845bd3f68c5d33d8df890ef1
98.0,,88ed97e5a3fec50920f945b2cb9e6a3f312cde3b
99.0,,5d10d49ffe0fe75e27ff354496efb0655a92c355
,ezi@hahu.gs,
,dojic@rawrap.ky,
,gikpuhuv@fijpuca.fo,
,seti@cudciwvi.hk,
,zipig@lawbog.rw,
,sus@tuw.is,
,op@basogawi.cd,
,efewiama@vinzah.org,
,ige@gawloh.ca,
,efausaza@ra.uk,
,kokjucgef@nagbesdas.de,
,eji@niuf.gt,
,redonge@fek.lb,
,avu@awaloto.bg,
,lep@leke.fo,
,tum@ugkabba.be,
,zaj@oz.gy,
,lo@du.cd,
,kebsepu@lavfuda.tl,
,sil@dewova.mh,
,fop@ku.sa,
,mub@wum.sz,
,wache@jehpek.cn,
,nur@desaar.nl,
,wubgimjun@bowuj.pt,
,tibewlok@vawidu.ps,
,ubje@sojheil.at,
,lejju@osibe.mn,
,cehka@jer.org,
,tuz@sebhe.org,
,okmoj@sanzu.ao,
,go@mugjir.iq,
,reretemef@hegug.aq,
,sigieba@no.rs,
,merwah@zenmuta.ba,
,ri@pu.fr,
,rev@porhukfo.ir,
,golig@eraeviho.ru,
,wo@ma.jm,
,zehhinnu@ivifamo.za,
,fak@hip.lu,
,rok@hejsehfan.fj,
,goan@gi.ug,
,rakzal@firoceag.vu,
,mil@wasob.pr,
,gemwebma@mejfotbi.ci,
,nuwupufe@gi.cd,
,oba@se.tt,
,piga@ogdino.my,
,ti@hewuj.ng,
,obiku@ubbinmo.mg,
,apapi@pavov.hk,
,bozueni@awuhi.sn,
,ne@wogu.sb,
,ja@ridu.lb,
,sot@op.ss,
,ulco@lejieg.ir,
,li@so.et,
,wu@gubeva.co,
,eszidsu@ot.sn,
,kutawrim@fi.gd,
,urusa@gaz.mq,
,jozu@jo.net,
,cevig@wo.sh,
,komgikel@lo.mn,
,ceoburi@jer.pn,
,rikune@caw.ng,
,nifob@pehubniz.li,
,mi@hujavti.cd,
,galha@cimwe.bv,
,pid@ivepir.gov,
,guittum@badrev.gu,
,co@onaak.ca,
,bahe@vicpol.gu,
,hig@ropo.wf,
,vud@siwudceb.mw,
,iwugo@doc.hk,
,ul@zavut.ni,
,neco@jochot.cu,
,hoc@koru.na,
,hotza@tosureb.mr,
,ehwe@akahug.mg,
,up@ore.si,
,nomol@luwihu.pk,
,suohwat@gefimga.cu,
,cur@sarincam.my,
,kepid@elciz.mh,
,nuspojir@gebejiw.ss,
,le@ketaok.rs,
,zuh@ku.yt,
,pevharpet@cozag.pg,
,nijug@nil.ge,
,se@sooreama.mv,
,zarhu@fugviksu.tz,
,heovpik@ke.bh,
,pofjuv@mesuz.ne,
,tatocat@norfewsaj.ps,
,cetih@eto.ru,
,uf@ewanupe.ee,
,ad@to.cg,
,,6d1a5d9cdef1877c798daa463b8abb60fe085737
,,8122675d406932edf77efdbcc9a0ea79246c0ad1
,,892aac8979d9f3ade2c49c6cd079c36fa98fc744
,,51cd1bd9705a4131be86ebba1378f72f1bbeab88
,,397d40362c13a7f495ec0a97477c626296db1b82
,,ad925fa37dc412c4ed3a57dfc0394b47ae656f5a
,,97a41462ebc2ea7b9286e5a4a0fc7e396e38a4aa
,,1168087fdc1e667dd3db7ab8a4a8ed96af43045e
,,88d640899e5a8fbc637eb486e28bceb5953ce629
,,bc4cf80a8ee62291bb852d1fd840ddf9ca2db303
,,9345fd97c7c746dc4c155da78dca73fc06392343
,,8ee920da54af1ed789626ce22d6648f16f41eca5
,,5e2e0b511a27f863bad19327f443f5b373f71c99
,,8d3895f6a62a220f71277ac79ec135125d6eb61a
,,d7289cffc48185e685c43045fec178ecad4792c4
,,3819a3daec2eaa297f3eda878565fdd1e5b86a22
,,e6d07fbec6a49915c7aa326db14e3b6b48506724
,,ba26d6b422dee993415373dd1e8dca47d3561083
,,163c81d6ff828e60d6898c01f034a4dec2045e59
,,210278e16807a28258aa7fed621ad66b7477918e
,,6e38075dd6b4e71113b1ef35025db14dc78f93fe
,,fa7e6068b8880955e5cc00e36b01b2f52f464da8
,,a1c57cfdff4c615d957b91026ee91f955e037cc8
,,9d56067c0d73dc4020605dfef2291dfd2a515328
,,1a7fbf0d730ac76ead6f7b6aaa1e8fc0fee86a83
,,bee345fd807384bdccc01d36efcca68e63b5ac46
,,26b674cbac28c8c3af6e151aa98451afe3e576a6
,,b61d35e5f53af235db470852e13829fdb51ed72b
,,b52ff627114b6ae0df7c06cfad2f6a7c37932bb3
,,1c011ecc2f4f830da937412b63bd749062b89a4c
,,63d6688aa3453071d95811db1f505d64fc2d59e0
,,a68e5f65dbe14dac8e8133bf536d24fcd35cbec1
,,df49d309116ed87cb9d0d7707de29725f13e7d97
,,191f92ea3ff64fc9776677476e80bceaf85ade4b
,,16666a18f577959a5ab2642ee3515ad06faaaa7b
,,2bafeb384f6fbbf105d207c371338e16e71b26d2
,,09ff072030d386e8614f24a08ee90ec08520913e
,,c1766e54f6cad68b3ca9a20ba9c44ef360637f6a
,,5ca8c7407514bcbeea934096954d6b556fea8ecf
,,bc373e2104919a27f279189be21d669f167a4e9f
,,73d8d7b6dbc524430fc1aa59b89bf80254c42fc7
,,64e23b9a91ae244d294d56ab4f3240615da2b29c
,,c9f641b09e1aabb0ca3403af7c1795c17d9ed3e1
,,c43991cd06c2beae492f445304312df57371c53a
,,877472eb5ebde61eae71959d1b11c96f2c1bded9
,,772df13311e390478b4fb50747c72a3a1bc80628
,,3393669ae8eeb197d493f0c369fdde396d37c09e
,,b9feeb53ba73c62043311c9e4ee1f0ae3ef1bc26
,,db0fb8e203657473e38ebd753fee9fc8ad8507f2
,,8e59a56e1b9cd63b82f05aac86592c816d50687f
,,8ebb09de97453ec0cd1e6ebc854c050e0433c7b5
,,a85d8b1df3645ce9937cb73b98c387616624e220
,,3a7aadea5a9051084699400f095a40fd5011193a
,,376f929f3c2b7f506d0fb5cefe5c65e44161d4ea
,,894b4bd659da4e6ab4feeb92e6ccd8df70d79566
,,bcb271a558ef8c467098210e8508190d199fe41d
,,7c9d915de385f3d2730a9aed89bcd4c4faebdd7f
,,71eb79b7efcb8eda1e83589ca8b19fd49507da5d
,,d5ab0827e014c62a3c29c7eaa444b2e875fc6fe7
,,be971f413c246ea44895014273a546f599f34eaa
,,c7171d4b1770bf11295a58a6305bbd712045d3a4
,,92ce4e3025f67865c50641e5b190ca393549d539
,,1d0b8c2dc1541dd41b62d1a67b44162d01b958dc
,,9bccb1afbb4dbcca946f6f8ea1fee8f282825af1
,,9145fb44e0bead5dea523dec695f4d28c87824eb
,,e2d2346e5c9aa227d902513c7b1004040ce91de7
,,2bb5d7f915b021bd6ba321d7d5b1211e16d10df5
,,f1488b01859ebb4156233f6fd21f1653f1ea046c
,,194ad7cd504e7d47087eed5be0e69f08c3265193
,,0ca1572034be09775a8822363fbff671e0102f2b
,,8f3286a293f1e68db05cf13a0f6577c87ae8de66
,,1f45ea9df3767af8bddbd17938fa4f3d62f58c5d
,,1d2e7ae04911aa0d540b00b309176cdb7edc0323
,,5817077742cccb85073be002395cd83fdabdbd89
,,09272a0110459a5d909d0e7499b1c11989f264b5
,,e46a5590ff264c3c7fb8c358b7b5fa7c3c04f300
,,9ac6471884db828412c829ca036ba6c04889f6b8
,,0dd794232e58da9b755e3387bcfc32004a87c31a
,,9ff7db1a5b508d94ddf374d3e7b71a5f68e3c6bb
,,1d890264e0bab638c8bd7c15f54f9fd0474ee080
,,65d6735ed408983cfd529657bb988e61e7d7013b
,,ecc6a96860dbd961f79fc59e3337c6b499454d34
,,a08f613652bf51d132977353e099e982989ee935
,,79fe6c6196bdbf636c77bf45be15b6449ef873b8
,,3d6c13159b952c586e75e549b71fbe9445f6d62e
,,866fce537e660a330f0e9ae554beeb9f92b333b7
,,042c69f68e6c0d5e794695c11efd7e5b9a5e1a97
,,ab4ef09c2910ef60fa413227dcd1d7024baa788e
,,93710c5e897952d4b8bf598c58a59b76296f368a
,,63d467ac9b1e2780cfb0e770fbf4e43f2f39df9b
,,64a5e67ad2fd95e20ba3c1faeadb329cdcc986a2
,,eb109edb0254a3b81fe3042870bd8fcadc77df34
,,27f7d68ef4430a16a67c18343babc9e401e97ba7
,,4dfff7c7e49063f2e82dd8ca4e979df4b3872bf0
,,1183fa58e6e6a7c8756609653eed1fbcdd08d7eb
,,535fef6f0616ab56fc6591b01fcff62273aacaaf
,,633862735bedcb64bc52f0295b81e6cef4637cf0
,,31f1b0c2a0cb7e1d845bd3f68c5d33d8df890ef1
,,88ed97e5a3fec50920f945b2cb9e6a3f312cde3b
,,5d10d49ffe0fe75e27ff354496efb0655a92c355
